Id,Name,Email,URL,Date
1,Callahan,urangel@espinoza-francis.net,http://www.escobar.org/,2020-08-26
2,Ferrell,xreese@hall-donovan.com,https://tyler-pugh.info/,2020-04-27
3,Andersen,haleybraun@blevins-sexton.com,https://www.mack-bell.net/,2022-03-22
4,Ponce,hohailey@anthony.com,https://delacruz-freeman.org/,2020-07-02
5,Mccormick,alvaradojesse@rangel-shields.com,https://welch.info/,2021-01-17
6,Lee,briangriffin@chang.org,https://www.roberts.com/,2021-08-13
7,Hoffman,bauergerald@morrison.com,http://www.holt.com/,2020-04-09
8,Wiggins,changkellie@howell.com,http://carlson.com/,2021-04-02
9,Payne,mayerjerome@hurst-graham.net,https://www.glenn-snow.com/,2020-11-26
10,Franco,kentryan@stone-oneill.com,http://ruiz.com/,2021-06-29
11,Hawkins,danielbuckley@hatfield.info,https://www.newman.com/,2021-05-02
12,Shaffer,gabrielaleach@rose.net,https://www.hoffman-rubio.com/,2021-04-07
13,Moran,cartermallory@chung.com,https://hinton.info/,2020-02-28
14,Hammond,lweeks@hooper.org,https://bush-huynh.org/,2022-03-03
15,Blackwell,calhounalisha@hardin.net,https://barker-bishop.info/,2021-03-30
16,Newton,ypayne@gaines.biz,https://figueroa.com/,2020-08-09
17,Archer,nwu@brady-chen.com,http://www.callahan.net/,2021-05-21
18,Griffin,harold11@mullen.org,http://www.mclaughlin-hubbard.net/,2021-06-02
19,Valencia,andrewsanders@marks.com,http://www.myers.com/,2021-04-17
20,Ramsey,amy99@booker.com,http://www.larsen-floyd.biz/,2020-12-30
21,Meadows,basschristian@faulkner.com,https://chavez.com/,2020-01-01
22,Brock,ldelacruz@spence.com,https://www.norman.org/,2021-06-27
23,Pope,hayleyritter@price.net,http://www.moyer.com/,2020-05-19
24,Stanton,yhebert@hays-rivera.com,http://young.com/,2020-01-23
25,Flynn,austinhobbs@briggs.com,http://huerta-cordova.info/,2020-09-05
26,Williamson,zramos@haney.org,http://www.allison-clements.com/,2020-03-06
27,Calderon,shelley82@jarvis.com,http://www.larsen.org/,2021-06-17
28,Walton,sharigriffin@cameron.com,https://quinn.biz/,2020-11-15
29,Mack,rpace@huynh.com,http://www.macdonald-lyons.com/,2021-03-01
30,Jacobson,emullins@simpson-christensen.com,http://www.guerra-armstrong.com/,2021-09-02
31,Harper,patricialeach@hernandez.biz,http://www.barajas-hendrix.com/,2020-07-06
32,Mayer,mindy15@fuentes.org,http://perkins.com/,2020-07-15
33,Owens,jake39@little.com,https://mckee-hill.net/,2022-01-02
34,Davies,mhudson@hardin.com,https://www.bray.com/,2021-03-09
35,Cruz,nlane@kane-pennington.com,https://www.tran.net/,2022-05-03
36,Hubbard,savannah10@simpson.com,https://www.velazquez-wright.com/,2021-03-17
37,Bennett,cristian16@hill-beard.com,https://www.frederick.com/,2021-01-12
38,Hansen,jasmineaustin@whitehead.info,https://www.graves.info/,2020-01-14
39,Foster,samuel97@wyatt.com,https://www.schmitt.com/,2020-10-29
40,Medina,karlgarrett@fischer.biz,http://www.nicholson.org/,2020-03-02
41,Santana,biancahenry@hernandez.org,http://www.gates.net/,2021-06-11
42,Moreno,marisa13@hickman.com,https://www.gillespie.biz/,2022-02-12
43,Bush,billymorris@lambert-irwin.com,http://www.zhang.com/,2020-02-13
44,Davenport,barry91@howe.info,https://www.davenport.com/,2020-05-10
45,Terry,kdavies@owen-humphrey.info,http://www.grimes-summers.com/,2021-01-04
46,Esparza,gregghendricks@conner-weiss.info,http://harris.net/,2020-09-24
47,Richard,alfredbradford@perry.com,https://www.delacruz.com/,2022-04-17
48,Moore,ngilmore@bush.net,https://www.tyler.com/,2021-12-25
49,Gillespie,vgilbert@romero.biz,https://www.long-hickman.com/,2020-06-23
50,Lin,dgould@graham-winters.com,https://johns-sharp.com/,2021-10-06
51,Thomas,fsuarez@cooper-montes.biz,http://mcgrath.org/,2021-10-21
52,Fischer,natasha83@delacruz-edwards.com,https://spencer.com/,2020-01-26
53,West,mbonilla@hampton.com,https://www.lindsey.org/,2020-01-22
54,Morton,basskaylee@lynn-gill.biz,https://www.leblanc.com/,2021-08-19
55,Guerra,lfaulkner@villanueva.com,https://giles-newton.com/,2022-05-12
56,Shelton,maystiffany@davidson.com,https://richmond.com/,2022-04-21
57,Meza,katie69@romero.net,https://nolan.com/,2020-11-12
58,Tapia,valerie35@olsen.com,http://www.fernandez-fisher.com/,2020-10-11
59,Powell,ivanhiggins@charles-estrada.com,https://www.mcneil.com/,2021-09-30
60,Irwin,xcallahan@cantu.com,https://www.nguyen.com/,2021-06-26
61,Hodge,melvindrake@friedman-bradley.com,https://www.cain-allen.com/,2021-10-22
62,Drake,carpentergary@vance-weeks.com,https://www.snow.org/,2022-03-03
63,Tran,duartejohnathan@pennington.com,https://www.knight.net/,2020-09-02
64,Webster,zbrock@blevins-payne.com,http://www.rush.biz/,2020-03-10
65,Mcclure,phelpsandres@hartman-cooper.org,http://www.levine.com/,2021-03-15
66,Wu,nataliefarley@richardson.com,http://carrillo.com/,2021-10-05
67,Bridges,daisyblair@walsh-holmes.org,https://www.trevino.info/,2021-12-05
68,Washington,thomasnicholas@blankenship-ford.com,https://www.wagner.org/,2021-09-26
69,Ayala,hburke@duke-mcmahon.com,https://www.copeland.org/,2020-12-05
70,Hooper,lonnielittle@hoffman-meadows.com,http://moyer.com/,2020-03-15
71,Robbins,qmcdaniel@cruz.net,https://www.acevedo-macdonald.net/,2020-12-20
72,Cobb,austinvang@glenn.com,https://deleon.com/,2021-06-22
73,Salas,shortfrederick@cobb.net,https://www.roach.com/,2020-01-12
74,Long,yolanda69@rosario.com,http://www.blankenship.com/,2022-01-09
75,Kemp,michaela80@russell.com,http://www.terrell.com/,2020-07-21
76,Horn,ashley39@garrison.com,https://www.rodgers.biz/,2020-02-26
77,Spears,alan50@hobbs.info,https://valdez-li.org/,2021-09-13
78,Ortiz,hsantos@lopez.info,http://whitehead.info/,2020-05-21
79,Ortega,robbinsgordon@dyer-kim.info,http://barr-salas.org/,2021-09-29
80,Cantu,meghanfernandez@patel-todd.com,http://schaefer.com/,2020-11-02
81,Pittman,gabrielarobbins@hawkins-bernard.com,http://www.benson-keller.com/,2020-09-05
82,Cowan,qlarson@berry.biz,http://www.potts-conrad.com/,2021-09-24
83,Chen,hmorgan@olson.com,https://ibarra.com/,2020-04-30
84,Stanley,charlottemercer@hensley.net,http://watson-frye.org/,2020-12-12
85,Gallegos,escobarisabella@harrell-santiago.info,https://kirk-skinner.com/,2020-10-13
86,Pruitt,jessica36@hart.com,https://www.mccormick.biz/,2021-08-17
87,Vaughan,ellen80@bonilla.com,http://jefferson.com/,2020-10-22
88,Bautista,chavezrandall@mckinney-stafford.net,https://www.anthony.net/,2020-05-27
89,Chase,gravesgrace@molina.org,http://wise-mendez.com/,2020-06-23
90,Hurley,hhuerta@morris-case.info,https://zimmerman.com/,2021-04-25
91,Huang,ydavid@potter.com,http://sampson-marshall.biz/,2022-05-16
92,Cummings,colealexander@turner.biz,http://www.atkinson-may.com/,2020-09-20
93,Jackson,carpenterkylie@chambers-frost.com,http://henry.com/,2021-02-11
94,Chapman,adrian55@gardner-gaines.com,https://www.gutierrez-lloyd.com/,2022-04-14
95,Cortez,bonillaalex@cervantes.org,http://www.mayer.com/,2021-03-20
96,Hendrix,maureen18@barr.org,http://mccarty-meza.info/,2020-12-24
97,Buchanan,ocole@sanders-lowery.net,http://www.price.com/,2020-04-22
98,Moore,spencerbright@powell.biz,https://wall-reid.com/,2021-12-10
99,Tanner,dawncoffey@barker.com,https://newton-esparza.net/,2022-05-15
100,Sims,anthonyzuniga@tucker.com,http://moran.com/,2021-07-27
101,Strong,carrillokenneth@bowman-montoya.com,https://allison.info/,2021-10-22
102,Mullins,mercedes11@floyd-hall.com,https://bates-christian.biz/,2021-07-24
103,Rush,dominguezparker@preston.net,http://hill.com/,2021-12-12
104,Hurst,vernonrush@harvey.com,http://www.hurst-johnston.info/,2020-06-30
105,Collier,samantha34@mccarthy.com,https://hendrix-pittman.biz/,2020-04-11
106,Sanchez,joconnor@cooley.com,https://jones.com/,2021-07-09
107,Manning,toddmcmahon@beard-lambert.com,http://hurley.org/,2021-01-24
108,Forbes,veronicablankenship@pace.com,http://osborne.com/,2020-03-02
109,Ryan,swarren@buck-roach.com,https://frederick.com/,2020-06-24
110,Short,garymelton@petersen-lam.org,http://www.lawrence.biz/,2020-01-03
111,Henry,mathisgloria@house-hamilton.org,https://silva.com/,2020-07-05
112,West,patrickfelicia@goodwin.org,https://henson.net/,2020-12-29
113,Gallagher,hortonmiguel@mays-rivers.org,https://morse.org/,2021-02-06
114,Wiley,preston76@house.com,https://valencia.com/,2020-08-07
115,Merritt,moneal@hudson.biz,http://carpenter-estes.net/,2021-04-10
116,Mejia,beckyshaw@bradley-booth.com,http://cortez-cooper.com/,2021-07-23
117,Alvarez,kanthony@osborne.com,https://www.butler.info/,2020-08-30
118,Berger,alexandraroy@juarez-kane.com,http://james.org/,2020-05-23
119,Daniel,ckhan@underwood.net,https://www.chase.info/,2020-03-25
120,Mueller,joe34@salazar.com,https://www.duffy-coffey.biz/,2022-05-13
121,Middleton,vernon36@browning.info,http://parrish.com/,2021-06-28
122,Fletcher,pammorales@james-benjamin.net,http://werner.org/,2021-03-17
123,Wong,paulcastaneda@burke.com,http://www.archer.com/,2021-09-29
124,Brock,sarahpotts@bradford.com,https://alvarado.com/,2020-05-07
125,Petersen,wwhite@perez.com,https://www.kaufman-ho.com/,2021-09-12
126,Fuller,orice@drake.com,http://tapia-davis.com/,2020-10-04
127,Klein,damon39@terrell.com,http://www.drake.com/,2020-02-13
128,Richards,watkinsevan@ward.biz,https://www.rojas.net/,2021-12-20
129,Fitzpatrick,meredith05@lawrence-shaw.com,https://hale-montes.com/,2020-06-17
130,Gregory,lacey04@cross.com,http://www.nguyen-curry.com/,2021-10-28
131,Mckay,travisfoley@brandt.com,https://blake.net/,2021-05-25
132,Rhodes,hmccarty@sharp.biz,https://atkins.com/,2022-01-15
133,Byrd,alisonsanders@durham.com,https://www.mack.biz/,2020-04-26
134,Miller,bjordan@small-black.com,http://www.cordova.com/,2022-01-15
135,Marsh,damonhowe@larsen.org,https://newman.com/,2021-07-15
136,Paul,tasha85@wilson.biz,http://gray.com/,2021-11-27
137,Oconnell,oneilldamon@spencer.com,http://barr-faulkner.info/,2021-09-26
138,Bradshaw,weaverclinton@zamora.org,https://www.walton.biz/,2021-12-25
139,Chase,xtapia@hensley.info,https://patel.com/,2022-04-25
140,Crawford,fenglish@warner.net,https://www.wells-simon.info/,2021-11-18
141,Vance,brendanbarrera@gill-thornton.info,https://frey.com/,2022-04-17
142,Sanford,peggy95@park.info,https://www.donaldson-norman.com/,2021-05-18
143,Singleton,kerriray@owen-stone.info,http://www.singleton.com/,2021-10-29
144,Sutton,nichole45@michael.org,https://www.thompson.org/,2021-09-19
145,Eaton,daltonrangel@prince.biz,http://www.elliott-tyler.org/,2021-04-27
146,Huff,vmyers@novak-delacruz.biz,https://garner.net/,2021-08-01
147,Pollard,weavermeagan@sampson.com,https://fox.biz/,2020-03-02
148,Hunter,hebertdarin@kidd.com,http://www.small.com/,2020-03-22
149,Miles,elizabethcopeland@morris-moss.info,http://bautista.com/,2021-09-17
150,May,cannonshirley@carson-dorsey.com,https://www.brock.com/,2021-09-08
151,Garza,dana05@hester.net,http://www.larson.com/,2021-01-23
152,Brown,willie99@snyder.com,http://sloan.info/,2021-09-08
153,Oconnell,lunakirsten@zimmerman-salinas.org,https://howard-crawford.com/,2020-06-15
154,Garrett,marthaguerra@anderson.com,http://www.campos.org/,2020-04-30
155,Bender,joanne07@pennington.com,http://www.huffman.com/,2020-10-12
156,Harrison,jerry26@hudson-acevedo.net,http://curry.com/,2020-10-31
157,Fowler,katie93@norris.biz,https://www.whitehead.org/,2020-08-27
158,Golden,gacosta@stephenson-tyler.biz,http://www.best.com/,2020-03-31
159,Lawson,madisoncarey@spence-beck.info,https://hinton.com/,2020-10-31
160,Vaughan,kari95@henry.org,https://weber.net/,2021-01-31
161,Hoover,tiffany09@perkins.com,http://wilcox.com/,2021-05-27
162,Boyle,davefarmer@neal-farrell.org,http://www.walter.info/,2022-01-13
163,Noble,lydiameyers@frederick.com,http://www.escobar.com/,2020-06-24
164,Molina,timothyrivera@wade-galloway.net,https://www.bridges.biz/,2020-09-18
165,Christian,harmonmadison@finley-clarke.net,https://nash.info/,2020-10-19
166,Estes,vincent58@norton.com,https://www.mendez-duran.com/,2021-02-08
167,Myers,brandibarker@peterson.net,http://cantu.com/,2021-07-05
168,Barker,lindsayrocha@preston.org,http://www.orozco.biz/,2021-07-03
169,Huerta,daniel75@hansen.com,http://mitchell.com/,2020-09-17
170,Knight,eschultz@salas.com,https://vincent.com/,2020-08-05
171,Booth,perry87@nichols.biz,https://molina.com/,2021-10-12
172,Guerra,frederickmisty@carpenter-nielsen.net,http://palmer-chan.org/,2021-01-25
173,Murillo,jodonnell@oliver.com,http://www.medina.info/,2021-05-18
174,Lawrence,ehampton@lopez-brandt.org,https://www.butler.com/,2021-03-16
175,Ewing,evansstuart@griffin.org,http://mata.com/,2021-12-16
176,Pacheco,kristina23@carr-arias.com,https://galvan-lucero.org/,2020-05-05
177,Browning,gabriellanorton@robertson.org,http://www.pena.com/,2021-04-17
178,Woods,lonnieguerra@cooke.com,https://wallace.com/,2020-10-17
179,Lopez,cowandeanna@house.com,http://frye.com/,2020-11-24
180,Small,reginahancock@walker.org,http://haney.biz/,2021-01-17
181,Kirk,jasmin18@juarez-richmond.com,http://lam-villanueva.com/,2021-04-25
182,Arellano,sandy44@thomas.com,https://bradford.com/,2020-11-13
183,Hayden,gravesalisha@harrell.info,https://www.li.biz/,2021-11-24
184,Bullock,bcole@stevens.com,http://www.bernard-archer.info/,2020-03-23
185,Leonard,jessica41@klein.biz,http://www.meadows.org/,2020-10-19
186,Mcfarland,guymorrow@romero-owen.com,https://www.horne.com/,2020-06-14
187,Steele,manuel95@holden-franklin.com,http://www.maldonado.com/,2020-09-27
188,Boone,yreyes@rowe.com,https://li.com/,2020-01-29
189,Moyer,russorussell@galloway.biz,https://franklin.com/,2020-12-30
190,Reese,craigwhitney@carrillo.info,https://randolph.com/,2020-04-10
191,Bullock,cwolf@arellano.com,http://www.wise-horton.com/,2021-09-30
192,Paul,bweaver@levy.info,https://www.mccarty.biz/,2020-04-10
193,Cardenas,wflynn@andersen.com,https://www.anderson.com/,2021-03-10
194,Velez,pcannon@choi.com,http://www.pacheco.com/,2021-04-17
195,Collins,luis12@buck.com,http://flynn-cameron.info/,2020-11-06
196,Harper,fieldskelly@blackburn.biz,http://macias-duffy.com/,2020-03-22
197,Serrano,vwhite@peterson-gould.com,https://www.lambert-smith.biz/,2022-03-17
198,Robbins,cuevasgeorge@navarro-mcmahon.com,https://mccarthy.com/,2022-03-24
199,Abbott,breanna32@mayer.net,https://www.jordan-phelps.org/,2020-12-31
200,Cantrell,kwarner@barrera.org,http://powers-bird.com/,2021-09-04
201,Washington,sharpgreg@rubio-garrison.org,https://www.stone.com/,2021-03-01
202,Suarez,usloan@harrington.com,https://www.duncan.org/,2022-01-16
203,Washington,ariana05@kelly-arellano.com,http://www.conrad.com/,2021-01-10
204,Hamilton,edward56@parks.biz,http://jones.com/,2020-10-02
205,Fletcher,gcollier@golden.com,https://rhodes-hutchinson.org/,2021-08-22
206,Morse,woodsdevin@maldonado.org,https://www.wheeler-wong.com/,2020-05-17
207,Pruitt,mcbridekylie@mcdowell-christensen.com,http://johnson.net/,2020-10-21
208,Peterson,rothkerry@atkins-porter.com,http://www.miranda.info/,2021-08-04
209,Pearson,jerrygates@garner.net,https://burnett.com/,2022-01-13
210,Meadows,jack76@compton.com,https://www.hunter.com/,2021-09-09
211,Dickson,kaitlinbooth@hurley.com,https://www.rhodes.biz/,2020-08-17
212,Shannon,hillterrance@gamble.info,http://mccann.com/,2021-02-01
213,Vasquez,mosleyross@lawrence.com,http://www.weiss.com/,2021-01-28
214,Oconnell,malik63@frazier-nichols.biz,http://www.gray.org/,2022-03-03
215,Walker,luceromaxwell@wong.biz,http://hodge-ramirez.com/,2021-01-15
216,Shah,luis82@sparks.com,http://www.butler.biz/,2020-07-05
217,Mitchell,lauren64@faulkner-hood.info,http://mckee.com/,2020-12-05
218,Schmidt,elutz@medina-garcia.com,https://www.payne.com/,2021-05-11
219,Simpson,knappalisha@franco.org,http://www.robbins.biz/,2020-03-01
220,Keith,yolanda40@rhodes.com,http://www.murray-woodard.net/,2020-05-03
221,Hoffman,xortiz@gates.com,https://beltran.com/,2021-12-17
222,Tyler,obates@bennett-nicholson.net,https://freeman-maddox.com/,2020-10-26
223,Ford,sabrinaerickson@wise.info,http://odom.info/,2020-09-10
224,Gates,xrollins@mcfarland.com,https://www.hood-decker.com/,2020-02-11
225,Gaines,yolanda53@thomas.info,https://www.marshall.com/,2022-01-26
226,Wilson,lucas94@barrera.com,https://booth-guzman.info/,2021-02-16
227,Jordan,wisediane@dean.com,http://bowers-ashley.com/,2021-03-15
228,Stafford,tonyaruiz@farmer.com,http://www.hatfield.com/,2020-03-27
229,Saunders,triciarichards@shelton.net,http://www.hurley.com/,2021-03-30
230,Barrera,philip88@carr.biz,http://www.boyle-archer.net/,2021-12-29
231,Bullock,josephchaney@roach-rocha.info,https://www.huff.com/,2021-07-13
232,Stuart,shanecuevas@terry.com,http://rubio.com/,2020-10-01
233,Lamb,aserrano@webb.org,http://gordon.org/,2021-03-02
234,Huang,ericksoncheyenne@taylor.com,https://harris-houston.biz/,2020-10-09
235,Hendricks,dorothy66@howe-kim.com,https://suarez.com/,2022-05-10
236,Ramos,oscar33@holden-morrow.com,https://maynard-madden.net/,2022-03-23
237,Carpenter,jacobskurt@dalton-small.com,http://www.mathews.com/,2020-12-18
238,Whitehead,iosborn@brady.com,http://levine-francis.com/,2020-11-08
239,Arnold,walterfrye@good-boyer.com,http://christian.com/,2020-04-12
240,Lawrence,samuelwelch@reid.net,https://bush.com/,2020-08-17
241,Moran,wcole@bell.info,https://www.roth-haney.com/,2021-10-18
242,Stephens,miguelmathis@crawford.info,https://burnett.com/,2022-05-03
243,Hale,romeroangie@cunningham.org,https://www.jennings-mann.com/,2021-01-26
244,Lee,vbooker@donovan-stokes.info,https://greene-goodman.info/,2021-12-09
245,Savage,cheyenne64@solomon.net,http://terrell.biz/,2021-04-29
246,Duffy,rmcfarland@shelton.com,https://www.pearson-wallace.biz/,2021-11-17
247,Serrano,tammyspence@day.org,https://www.haley.info/,2020-03-28
248,Rosales,joanna47@davidson.org,https://www.cochran-cook.com/,2020-05-07
249,Arellano,jeffrey24@douglas-landry.com,http://www.hardin-duran.org/,2021-05-01
250,Shea,burnettrebecca@brewer.info,http://www.tyler-sosa.biz/,2021-02-01
